problem_number,row_id,sample_id,task_index,instruction,prediction,framework_answer,execution_time_sec,input_tokens,output_tokens,groundtruth,scoring_points,evaluation_mode,passed,failed,score,task_dir,_eval_score,_passed_criteria,_failed_criteria
0,0,0,task_3,"The cloud service system, cloudbed-2, experienced two failures within the time range of March 20, 2022, from 08:30 to 09:00. For each failure, the root cause component, the exact root cause occurrence time, and the underlying reason are currently unknown. You are tasked with identifying, for EACH failure, the root cause component, the root cause occurrence datetime, and the root cause reason.","{
    ""1"": {
        ""root cause occurrence datetime"": ""2022-03-20 08:31:00"",
        ""root cause component"": ""checkoutservice-0"",
        ""root cause reason"": ""container network latency""
    },
    ""2"": {
        ""root cause occurrence datetime"": ""2022-03-20 08:35:00"",
        ""root cause component"": ""recommendationservice2-0"",
        ""root cause reason"": ""container memory load""
    }
}",,656.182,114307,36708,"answer 1: component=recommendationservice2-0; reason=container write I/O load; datetime=2022-03-20 08:35:07
answer 2: component=node-6; reason=node CPU load; datetime=2022-03-20 08:48:15","The 1-th predicted root cause component is recommendationservice2-0
The 2-th predicted root cause component is node-6
",reason,recommendationservice2-0,node-6,0.5,telemetry/openrca/openrca_market_cb2/task_7-0,0.5,['recommendationservice2-0'],['node-6']
1,1,0,task_3,"The cloud service system, cloudbed-2, experienced two failures within the time range of March 20, 2022, from 08:30 to 09:00. For each failure, the root cause component, the exact root cause occurrence time, and the underlying reason are currently unknown. You are tasked with identifying, for EACH failure, the root cause component, the root cause occurrence datetime, and the root cause reason.","{
    ""1"": {
        ""root cause occurrence datetime"": ""2022-03-20 08:31:00"",
        ""root cause component"": ""checkoutservice-0"",
        ""root cause reason"": ""container network latency""
    },
    ""2"": {
        ""root cause occurrence datetime"": ""2022-03-20 08:38:00"",
        ""root cause component"": ""recommendationservice2-0"",
        ""root cause reason"": ""container memory load""
    }
}",,709.363,120043,37856,"answer 1: component=recommendationservice2-0; reason=container write I/O load; datetime=2022-03-20 08:35:07
answer 2: component=node-6; reason=node CPU load; datetime=2022-03-20 08:48:15","The 1-th predicted root cause component is recommendationservice2-0
The 2-th predicted root cause component is node-6
",reason,recommendationservice2-0,node-6,0.5,telemetry/openrca/openrca_market_cb2/task_7-1,0.5,['recommendationservice2-0'],['node-6']
2,2,0,task_2,"The cloud service system, cloudbed-2, experienced a failure within the time range of March 20, 2022, from 09:00 to 09:30. The root cause component, the exact root cause occurrence time, and the underlying reason are currently unknown. You are tasked with identifying the root cause component, the root cause occurrence datetime, and the root cause reason.","{
    ""1"": {
        ""root cause occurrence datetime"": ""2022-03-20 09:01:00"",
        ""root cause component"": ""cartservice2-0"",
        ""root cause reason"": ""container CPU load""
    }
}",,544.432,117893,33151,answer 1: component=cartservice2-0; reason=container memory load; datetime=2022-03-20 09:16:55,"The only predicted root cause reason is container memory load
",reason,,container memory load,0.0,telemetry/openrca/openrca_market_cb2/task_7-2,0.0,[],['container memory load']
3,3,0,task_6,"The cloud service system, cloudbed-2, experienced a single failure within the time range of March 20, 2022, from 09:30 to 10:00. The root cause component, the exact root cause occurrence time, and the underlying reason are currently unknown. You are tasked with identifying the root cause component, the root cause occurrence datetime, and the root cause reason.","{
    ""1"": {
        ""root cause occurrence datetime"": ""2022-03-20 09:38:00"",
        ""root cause component"": ""productcatalogservice-1"",
        ""root cause reason"": ""container packet loss""
    }
}",,573.454,123286,35055,answer 1: component=productcatalogservice; reason=container network packet corruption; datetime=2022-03-20 09:37:49,"The only predicted root cause component is productcatalogservice
The only predicted root cause reason is container network packet corruption
",reason,,"productcatalogservice
container network packet corruption",0.0,telemetry/openrca/openrca_market_cb2/task_7-3,0.0,[],"['productcatalogservice', 'container network packet corruption']"
4,4,0,task_3,"The cloud service system, cloudbed-2, experienced two failures within the time range of March 20, 2022, from 10:30 to 11:00. For each failure, the root cause component, the exact root cause occurrence time, and the underlying reason are currently unknown. You are tasked with identifying, for EACH failure, the root cause component, the root cause occurrence datetime, and the root cause reason.","{
    ""1"": {
        ""root cause occurrence datetime"": ""2022-03-20 10:36:00"",
        ""root cause component"": ""frontend"",
        ""root cause reason"": ""container CPU load""
    },
    ""2"": {
        ""root cause occurrence datetime"": ""2022-03-20 10:59:00"",
        ""root cause component"": ""node-5"",
        ""root cause reason"": ""node disk write I/O consumption""
    }
}",,625.334,121052,36657,"answer 1: component=currencyservice-0; reason=container read I/O load; datetime=2022-03-20 10:33:54
answer 2: component=node-4; reason=node disk read I/O consumption; datetime=2022-03-20 10:52:55","The 1-th predicted root cause component is currencyservice-0
The 2-th predicted root cause component is node-4
",reason,,"node-4
currencyservice-0",0.0,telemetry/openrca/openrca_market_cb2/task_7-4,0.0,[],"['node-4', 'currencyservice-0']"
5,5,0,task_6,"The cloud service system, cloudbed-2, may have experienced two failures within the time range of March 20, 2022, from 10:30 to 11:00. For each failure, the root cause component, the exact root cause occurrence time, and the underlying reason are currently unknown. You are tasked with identifying, for EACH failure, the root cause component, the root cause occurrence datetime, and the root cause reason.","{
    ""1"": {
        ""root cause occurrence datetime"": ""2022-03-20 10:35:00"",
        ""root cause component"": ""node-5"",
        ""root cause reason"": ""node CPU load""
    },
    ""2"": {
        ""root cause occurrence datetime"": ""2022-03-20 10:58:00"",
        ""root cause component"": ""node-5"",
        ""root cause reason"": ""node CPU load""
    }
}",,708.332,117185,45527,"answer 1: component=currencyservice-0; reason=container read I/O load; datetime=2022-03-20 10:33:54
answer 2: component=node-4; reason=node disk read I/O consumption; datetime=2022-03-20 10:52:55","The 1-th predicted root cause component is currencyservice-0
The 1-th predicted root cause reason is container read I/O load
The 2-th predicted root cause component is node-4
The 2-th predicted root cause reason is node disk read I/O consumption
",reason,,"node-4
currencyservice-0
node disk read I/O consumption
container read I/O load",0.0,telemetry/openrca/openrca_market_cb2/task_7-5,0.0,[],"['node-4', 'currencyservice-0', 'container read I/O load', 'node disk read I/O consumption']"
6,6,0,task_6,"The cloud service system, cloudbed-2, encountered two failures within the time range of March 20, 2022, from 11:00 to 11:30. For each failure, the root cause component, the exact root cause occurrence time, and the underlying reason are currently unknown. You are tasked with identifying, for EACH failure, the root cause component, the root cause occurrence datetime, and the root cause reason.","{
    ""1"": {
        ""root cause occurrence datetime"": ""2022-03-20 11:01:00"",
        ""root cause component"": ""checkoutservice-1"",
        ""root cause reason"": ""container network packet retransmission""
    },
    ""2"": {
        ""root cause occurrence datetime"": ""2022-03-20 11:28:00"",
        ""root cause component"": ""frontend-0"",
        ""root cause reason"": ""container memory load""
    }
}",,624.411,117262,36533,"answer 1: component=recommendationservice2-0; reason=container CPU load; datetime=2022-03-20 11:08:07
answer 2: component=frontend-0; reason=container CPU load; datetime=2022-03-20 11:25:49","The 1-th predicted root cause component is recommendationservice2-0
The 1-th predicted root cause reason is container CPU load
The 2-th predicted root cause component is frontend-0
The 2-th predicted root cause reason is container CPU load
",reason,frontend-0,"recommendationservice2-0
container CPU load",0.25,telemetry/openrca/openrca_market_cb2/task_7-6,0.25,['frontend-0'],"['container CPU load', 'recommendationservice2-0']"
7,7,0,task_6,"During the time range of March 20, 2022, from 11:00 to 11:30, the cloud service system, cloudbed-2, experienced two failures. For each failure, the root cause component, the exact root cause occurrence time, and the underlying reason are currently unknown. You are tasked with identifying, for EACH failure, the root cause component, the root cause occurrence datetime, and the root cause reason.","{
    ""1"": {
        ""root cause occurrence datetime"": ""2022-03-20 11:01:00"",
        ""root cause component"": ""node-6"",
        ""root cause reason"": ""node disk read I/O consumption""
    },
    ""2"": {
        ""root cause occurrence datetime"": ""2022-03-20 11:28:00"",
        ""root cause component"": ""node-6"",
        ""root cause reason"": ""node disk read I/O consumption""
    }
}",,647.79,115230,39321,"answer 1: component=recommendationservice2-0; reason=container CPU load; datetime=2022-03-20 11:08:07
answer 2: component=frontend-0; reason=container CPU load; datetime=2022-03-20 11:25:49","The 1-th predicted root cause component is recommendationservice2-0
The 1-th predicted root cause reason is container CPU load
The 2-th predicted root cause component is frontend-0
The 2-th predicted root cause reason is container CPU load
",reason,,"recommendationservice2-0
container CPU load
frontend-0",0.0,telemetry/openrca/openrca_market_cb2/task_7-7,0.0,[],"['container CPU load', 'recommendationservice2-0', 'frontend-0']"
8,8,0,task_1,"The cloud service system, cloudbed-2, experienced a failure within the time range of March 20, 2022, from 11:30 to 12:00. The root cause component, the exact root cause occurrence time, and the underlying reason are currently unknown. You are tasked with identifying the root cause component, the root cause occurrence datetime, and the root cause reason.","{
    ""1"": {
        ""root cause occurrence datetime"": ""2022-03-20 11:30:00"",
        ""root cause component"": ""node-5"",
        ""root cause reason"": ""container network latency""
    }
}",,559.976,123178,34435,answer 1: component=adservice-1; reason=container network packet retransmission; datetime=2022-03-20 11:52:28,"The only root cause occurrence time is within 1 minutes (i.e., <=1min) of 2022-03-20 11:52:28
",reason,,2022-03-20 11:52:28,0.0,telemetry/openrca/openrca_market_cb2/task_7-8,0.0,[],['2022-03-20 11:52:28']
9,9,0,task_5,"The cloud service system, cloudbed-2, may have experienced a failure within the time range of March 20, 2022, from 12:00 to 12:30. The root cause component, the exact root cause occurrence time, and the underlying reason are currently unknown. You are tasked with identifying the root cause component, the root cause occurrence datetime, and the root cause reason.","{
    ""1"": {
        ""root cause occurrence datetime"": ""2022-03-20 12:02:00"",
        ""root cause component"": ""node-6"",
        ""root cause reason"": ""node memory consumption""
    }
}",,567.133,120645,36733,answer 1: component=currencyservice; reason=container read I/O load; datetime=2022-03-20 12:07:05,"The only root cause occurrence time is within 1 minutes (i.e., <=1min) of 2022-03-20 12:07:05
The only predicted root cause component is currencyservice
",reason,,"currencyservice
2022-03-20 12:07:05",0.0,telemetry/openrca/openrca_market_cb2/task_7-9,0.0,[],"['currencyservice', '2022-03-20 12:07:05']"
10,10,0,task_6,"The cloud service system, cloudbed-2, experienced two failures within the time range of March 20, 2022, from 12:30 to 13:00. For each failure, the root cause component, the exact root cause occurrence time, and the underlying reason are currently unknown. You are tasked with identifying, for EACH failure, the root cause component, the root cause occurrence datetime, and the root cause reason.","{
    ""1"": {
        ""root cause occurrence datetime"": ""2022-03-20 12:35:00"",
        ""root cause component"": ""node-5"",
        ""root cause reason"": ""node disk write I/O consumption""
    },
    ""2"": {
        ""root cause occurrence datetime"": ""2022-03-20 12:44:00"",
        ""root cause component"": ""node-5"",
        ""root cause reason"": ""node disk write I/O consumption""
    }
}",,628.637,119095,36878,"answer 1: component=shippingservice; reason=container read I/O load; datetime=2022-03-20 12:35:07
answer 2: component=node-4; reason=node CPU load; datetime=2022-03-20 12:55:46","The 1-th predicted root cause component is shippingservice
The 1-th predicted root cause reason is container read I/O load
The 2-th predicted root cause component is node-4
The 2-th predicted root cause reason is node CPU load
",reason,,"node-4
node CPU load
shippingservice
container read I/O load",0.0,telemetry/openrca/openrca_market_cb2/task_7-10,0.0,[],"['node-4', 'shippingservice', 'container read I/O load', 'node CPU load']"
11,11,0,task_2,"The cloud service system, cloudbed-2, experienced two failures within the time range of March 20, 2022, from 12:30 to 13:00. For each failure, the root cause component, the exact root cause occurrence time, and the underlying reason are currently unknown. You are tasked with identifying, for EACH failure, the root cause component, the root cause occurrence datetime, and the root cause reason.","{
    ""1"": {
        ""root cause occurrence datetime"": ""2022-03-20 12:35:00"",
        ""root cause component"": ""node-5"",
        ""root cause reason"": ""node disk write I/O consumption""
    },
    ""2"": {
        ""root cause occurrence datetime"": ""2022-03-20 12:44:00"",
        ""root cause component"": ""node-5"",
        ""root cause reason"": ""node disk write I/O consumption""
    }
}",,464.787,117363,34321,"answer 1: component=shippingservice; reason=container read I/O load; datetime=2022-03-20 12:35:07
answer 2: component=node-4; reason=node CPU load; datetime=2022-03-20 12:55:46","The 1-th predicted root cause reason is container read I/O load
The 2-th predicted root cause reason is node CPU load
",reason,,"node CPU load
container read I/O load",0.0,telemetry/openrca/openrca_market_cb2/task_7-11,0.0,[],"['container read I/O load', 'node CPU load']"
12,12,0,task_5,"The cloud service system, cloudbed-2, experienced one failure within the time range of March 20, 2022, from 13:00 to 13:30. The root cause component, the exact root cause occurrence time, and the underlying reason are currently unknown. You are tasked with identifying the root cause component, the root cause occurrence datetime, and the root cause reason.","{
    ""1"": {
        ""root cause occurrence datetime"": ""2022-03-20 13:03:00"",
        ""root cause component"": ""node-1"",
        ""root cause reason"": ""container network packet retransmission""
    }
}",,605.099,116420,35236,answer 1: component=node-5; reason=node disk read I/O consumption; datetime=2022-03-20 13:12:21,"The only root cause occurrence time is within 1 minutes (i.e., <=1min) of 2022-03-20 13:12:21
The only predicted root cause component is node-5
",reason,,"2022-03-20 13:12:21
node-5",0.0,telemetry/openrca/openrca_market_cb2/task_7-12,0.0,[],"['node-5', '2022-03-20 13:12:21']"
13,13,0,task_6,"On March 20, 2022, between 14:00 and 14:30, the cloud service system, cloudbed-2, experienced two failures. For each failure, the root cause component, the exact root cause occurrence time, and the underlying reason are currently unknown. You are tasked with identifying, for EACH failure, the root cause component, the root cause occurrence datetime, and the root cause reason.","{
    ""1"": {
        ""root cause occurrence datetime"": ""2022-03-20 14:02:00"",
        ""root cause component"": ""node-5"",
        ""root cause reason"": ""container packet loss""
    },
    ""2"": {
        ""root cause occurrence datetime"": ""2022-03-20 14:14:00"",
        ""root cause component"": ""node-5"",
        ""root cause reason"": ""node disk write I/O consumption""
    }
}",,484.859,122606,33663,"answer 1: component=checkoutservice; reason=container read I/O load; datetime=2022-03-20 14:13:02
answer 2: component=recommendationservice; reason=container network latency; datetime=2022-03-20 14:00:33","The 1-th predicted root cause component is checkoutservice
The 1-th predicted root cause reason is container read I/O load
The 2-th predicted root cause component is recommendationservice
The 2-th predicted root cause reason is container network latency
",reason,,"recommendationservice
container network latency
checkoutservice
container read I/O load",0.0,telemetry/openrca/openrca_market_cb2/task_7-13,0.0,[],"['checkoutservice', 'container network latency', 'container read I/O load', 'recommendationservice']"
14,14,0,task_2,"The cloud service system, cloudbed-2, experienced one failure within the specified time range of March 20, 2022, from 14:30 to 15:00. The root cause component, the exact root cause occurrence time, and the underlying reason are currently unknown. You are tasked with identifying the root cause component, the root cause occurrence datetime, and the root cause reason.","{
    ""1"": {
        ""root cause occurrence datetime"": ""2022-03-20 14:35:00"",
        ""root cause component"": ""node-5"",
        ""root cause reason"": ""node disk read I/O consumption""
    }
}",,653.922,116487,41108,answer 1: component=emailservice-1; reason=container write I/O load; datetime=2022-03-20 14:32:59,"The only predicted root cause reason is container write I/O load
",reason,,container write I/O load,0.0,telemetry/openrca/openrca_market_cb2/task_7-14,0.0,[],['container write I/O load']
15,15,0,task_2,"The cloud service system, cloudbed-2, experienced two failures within the time range of March 20, 2022, from 15:00 to 15:30. For each failure, the root cause component, the exact root cause occurrence time, and the underlying reason are currently unknown. You are tasked with identifying, for EACH failure, the root cause component, the root cause occurrence datetime, and the root cause reason.","{
    ""1"": {
        ""root cause occurrence datetime"": ""2022-03-20 15:05:00"",
        ""root cause component"": ""node-5"",
        ""root cause reason"": ""node disk write I/O consumption""
    },
    ""2"": {
        ""root cause occurrence datetime"": ""2022-03-20 15:16:00"",
        ""root cause component"": ""node-5"",
        ""root cause reason"": ""node disk write I/O consumption""
    }
}",,612.559,120286,37505,"answer 1: component=checkoutservice-0; reason=container CPU load; datetime=2022-03-20 15:02:11
answer 2: component=emailservice; reason=container network packet retransmission; datetime=2022-03-20 15:27:41","The 1-th predicted root cause reason is container CPU load
The 2-th predicted root cause reason is container network packet retransmission
",reason,,"container CPU load
container network packet retransmission",0.0,telemetry/openrca/openrca_market_cb2/task_7-15,0.0,[],"['container CPU load', 'container network packet retransmission']"
16,16,0,task_4,"The cloud service system, cloudbed-2, experienced two failures within the time range of March 20, 2022, from 15:00 to 15:30. For each failure, the root cause component, the exact root cause occurrence time, and the underlying reason are currently unknown. You are tasked with identifying, for EACH failure, the root cause component, the root cause occurrence datetime, and the root cause reason.","{
    ""1"": {
        ""root cause occurrence datetime"": ""2022-03-20 15:04:00"",
        ""root cause component"": ""node-5"",
        ""root cause reason"": ""node disk write I/O consumption""
    },
    ""2"": {
        ""root cause occurrence datetime"": ""2022-03-20 15:10:00"",
        ""root cause component"": ""node-3"",
        ""root cause reason"": ""node disk write I/O consumption""
    }
}",,644.369,117593,37172,"answer 1: component=checkoutservice-0; reason=container CPU load; datetime=2022-03-20 15:02:11
answer 2: component=emailservice; reason=container network packet retransmission; datetime=2022-03-20 15:27:41","The 1-th root cause occurrence time is within 1 minutes (i.e., <=1min) of 2022-03-20 15:02:11
The 1-th predicted root cause reason is container CPU load
The 2-th root cause occurrence time is within 1 minutes (i.e., <=1min) of 2022-03-20 15:27:41
The 2-th predicted root cause reason is container network packet retransmission
",reason,,"container CPU load
2022-03-20 15:02:11
2022-03-20 15:27:41
container network packet retransmission",0.0,telemetry/openrca/openrca_market_cb2/task_7-16,0.0,[],"['container CPU load', '2022-03-20 15:27:41', 'container network packet retransmission', '2022-03-20 15:02:11']"
17,17,0,task_4,"The cloud service system, cloudbed-2, encountered two failures within the time range of March 20, 2022, from 15:30 to 16:00. For each failure, the root cause component, the exact root cause occurrence time, and the underlying reason are currently unknown. You are tasked with identifying, for EACH failure, the root cause component, the root cause occurrence datetime, and the root cause reason.","{
    ""1"": {
        ""root cause occurrence datetime"": ""2022-03-20 15:32:00"",
        ""root cause component"": ""node-5"",
        ""root cause reason"": ""container packet loss""
    },
    ""2"": {
        ""root cause occurrence datetime"": ""2022-03-20 15:54:00"",
        ""root cause component"": ""frontend-1"",
        ""root cause reason"": ""container CPU load""
    }
}",,578.744,118495,36098,"answer 1: component=node-2; reason=node CPU load; datetime=2022-03-20 15:48:43
answer 2: component=node-6; reason=node CPU spike; datetime=2022-03-20 15:58:47","The 1-th root cause occurrence time is within 1 minutes (i.e., <=1min) of 2022-03-20 15:48:43
The 1-th predicted root cause reason is node CPU load
The 2-th root cause occurrence time is within 1 minutes (i.e., <=1min) of 2022-03-20 15:58:47
The 2-th predicted root cause reason is node CPU spike
",reason,,"2022-03-20 15:48:43
2022-03-20 15:58:47
node CPU load
node CPU spike",0.0,telemetry/openrca/openrca_market_cb2/task_7-17,0.0,[],"['node CPU spike', '2022-03-20 15:48:43', 'node CPU load', '2022-03-20 15:58:47']"
18,18,0,task_3,"The cloud service system, cloudbed-2, encountered two failures within the time range of March 20, 2022, from 15:30 to 16:00. For each failure, the root cause component, the exact root cause occurrence time, and the underlying reason are currently unknown. You are tasked with identifying, for EACH failure, the root cause component, the root cause occurrence datetime, and the root cause reason.","{
    ""1"": {
        ""root cause occurrence datetime"": ""2022-03-20 15:31:00"",
        ""root cause component"": ""node-1"",
        ""root cause reason"": ""node CPU spike""
    },
    ""2"": {
        ""root cause occurrence datetime"": ""2022-03-20 15:54:00"",
        ""root cause component"": ""node-1"",
        ""root cause reason"": ""node CPU spike""
    }
}",,659.293,119439,36036,"answer 1: component=node-2; reason=node CPU load; datetime=2022-03-20 15:48:43
answer 2: component=node-6; reason=node CPU spike; datetime=2022-03-20 15:58:47","The 1-th predicted root cause component is node-2
The 2-th predicted root cause component is node-6
",reason,,"node-2
node-6",0.0,telemetry/openrca/openrca_market_cb2/task_7-18,0.0,[],"['node-2', 'node-6']"
19,19,0,task_6,"The cloud service system, cloudbed-2, experienced a failure within the time range of March 20, 2022, from 16:00 to 16:30. The root cause component, the exact root cause occurrence time, and the underlying reason are currently unknown. You are tasked with identifying the root cause component, the root cause occurrence datetime, and the root cause reason.","{
    ""1"": {
        ""root cause occurrence datetime"": ""2022-03-20 16:07:00"",
        ""root cause component"": ""node-1"",
        ""root cause reason"": ""node disk write I/O consumption""
    }
}",,616.08,110062,38879,answer 1: component=emailservice-0; reason=container network packet retransmission; datetime=2022-03-20 16:28:03,"The only predicted root cause component is emailservice-0
The only predicted root cause reason is container network packet retransmission
",reason,,"emailservice-0
container network packet retransmission",0.0,telemetry/openrca/openrca_market_cb2/task_7-19,0.0,[],"['container network packet retransmission', 'emailservice-0']"
20,20,0,task_6,"During the specified time range of March 20, 2022, from 18:30 to 19:00, the cloud service system, cloudbed-2, experienced a failure. The root cause component, the exact root cause occurrence time, and the underlying reason are currently unknown. You are tasked with identifying the root cause component, the root cause occurrence datetime, and the root cause reason.","{
    ""1"": {
        ""root cause occurrence datetime"": ""2022-03-20 18:30:00"",
        ""root cause component"": ""node-2"",
        ""root cause reason"": ""node disk space consumption""
    }
}",,533.655,118088,34905,answer 1: component=node-2; reason=node disk space consumption; datetime=2022-03-20 18:41:47,"The only predicted root cause component is node-2
The only predicted root cause reason is node disk space consumption
",reason,"node-2
node disk space consumption",,1.0,telemetry/openrca/openrca_market_cb2/task_7-20,1.0,"['node-2', 'node disk space consumption']",[]
21,21,0,task_5,"The cloud service system, cloudbed-2, experienced a failure within the time range of March 20, 2022, from 19:00 to 19:30. The root cause component, the exact root cause occurrence time, and the underlying reason are currently unknown. You are tasked with identifying the root cause component, the root cause occurrence datetime, and the root cause reason.","{
    ""1"": {
        ""root cause occurrence datetime"": ""2022-03-20 19:00:00"",
        ""root cause component"": ""node-2"",
        ""root cause reason"": ""node disk read I/O consumption""
    }
}",,645.322,119025,37675,answer 1: component=node-3; reason=node CPU spike; datetime=2022-03-20 19:23:43,"The only root cause occurrence time is within 1 minutes (i.e., <=1min) of 2022-03-20 19:23:43
The only predicted root cause component is node-3
",reason,,"2022-03-20 19:23:43
node-3",0.0,telemetry/openrca/openrca_market_cb2/task_7-21,0.0,[],"['node-3', '2022-03-20 19:23:43']"
22,22,0,task_2,"Within the time range of March 20, 2022, from 19:30 to 20:00, the cloud service system, cloudbed-2, experienced one failure. The root cause component, the exact root cause occurrence time, and the underlying reason are currently unknown. You are tasked with identifying the root cause component, the root cause occurrence datetime, and the root cause reason.","{
    ""1"": {
        ""root cause occurrence datetime"": ""2022-03-20 19:33:00"",
        ""root cause component"": ""checkoutservice"",
        ""root cause reason"": ""container packet loss""
    }
}",,621.844,117337,35556,answer 1: component=recommendationservice-2; reason=container memory load; datetime=2022-03-20 19:42:12,"The only predicted root cause reason is container memory load
",reason,,container memory load,0.0,telemetry/openrca/openrca_market_cb2/task_7-22,0.0,[],['container memory load']
23,23,0,task_6,"Within the time range of March 20, 2022, from 20:30 to 21:00, the cloud service system, cloudbed-2, experienced a failure. The root cause component, the exact root cause occurrence time, and the underlying reason are currently unknown. You are tasked with identifying the root cause component, the root cause occurrence datetime, and the root cause reason.","{
    ""1"": {
        ""root cause occurrence datetime"": ""2022-03-20 20:30:00"",
        ""root cause component"": ""node-5"",
        ""root cause reason"": ""node CPU load""
    }
}",,610.057,120612,38047,answer 1: component=productcatalogservice; reason=container network packet retransmission; datetime=2022-03-20 20:58:52,"The only predicted root cause component is productcatalogservice
The only predicted root cause reason is container network packet retransmission
",reason,,"productcatalogservice
container network packet retransmission",0.0,telemetry/openrca/openrca_market_cb2/task_7-23,0.0,[],"['productcatalogservice', 'container network packet retransmission']"
24,24,0,task_3,"The cloud service system, cloudbed-2, experienced a failure within the specified time range of March 20, 2022, from 21:00 to 21:30. The root cause component, the exact root cause occurrence time, and the underlying reason are currently unknown. You are tasked with identifying the root cause component, the root cause occurrence datetime, and the root cause reason.","{
    ""1"": {
        ""root cause occurrence datetime"": ""2022-03-20 21:00:00"",
        ""root cause component"": ""node-6"",
        ""root cause reason"": ""node memory consumption""
    }
}",,581.549,110447,37433,answer 1: component=node-6; reason=node disk write I/O consumption; datetime=2022-03-20 21:17:53,"The only predicted root cause component is node-6
",reason,node-6,,1.0,telemetry/openrca/openrca_market_cb2/task_7-24,1.0,['node-6'],[]
25,25,0,task_7,"The cloud service system, cloudbed-2, experienced a failure within the time range of March 20, 2022, from 21:30 to 22:00. The root cause component, the exact root cause occurrence time, and the underlying reason are currently unknown. You are tasked with identifying the root cause component, the root cause occurrence datetime, and the root cause reason.","{
    ""1"": {
        ""root cause occurrence datetime"": ""2022-03-20 21:39:00"",
        ""root cause component"": ""cartservice2-0"",
        ""root cause reason"": ""container CPU load""
    }
}",,593.139,121469,35735,answer 1: component=node-6; reason=node disk write I/O consumption; datetime=2022-03-20 21:58:13,"The only root cause occurrence time is within 1 minutes (i.e., <=1min) of 2022-03-20 21:58:13
The only predicted root cause component is node-6
The only predicted root cause reason is node disk write I/O consumption
",reason,,"2022-03-20 21:58:13
node disk write I/O consumption
node-6",0.0,telemetry/openrca/openrca_market_cb2/task_7-25,0.0,[],"['node disk write I/O consumption', 'node-6', '2022-03-20 21:58:13']"
26,26,0,task_1,"During the specified time range of March 20, 2022, from 22:00 to 22:30, the cloud service system, cloudbed-2, experienced a failure. The root cause component, the exact root cause occurrence time, and the underlying reason are currently unknown. You are tasked with identifying the root cause component, the root cause occurrence datetime, and the root cause reason.","{
    ""1"": {
        ""root cause occurrence datetime"": ""2022-03-20 22:04:00"",
        ""root cause component"": ""frontend-0"",
        ""root cause reason"": ""container packet loss""
    }
}",,626.583,118229,35290,answer 1: component=recommendationservice; reason=container write I/O load; datetime=2022-03-20 22:19:51,"The only root cause occurrence time is within 1 minutes (i.e., <=1min) of 2022-03-20 22:19:51
",reason,,2022-03-20 22:19:51,0.0,telemetry/openrca/openrca_market_cb2/task_7-26,0.0,[],['2022-03-20 22:19:51']
27,27,0,task_2,"The cloud service system, cloudbed-2, experienced a failure within the time range of March 20, 2022, from 22:30 to 23:00. The root cause component, the exact root cause occurrence time, and the underlying reason are currently unknown. You are tasked with identifying the root cause component, the root cause occurrence datetime, and the root cause reason.","{
    ""1"": {
        ""root cause occurrence datetime"": ""2022-03-20 22:40:00"",
        ""root cause component"": ""frontend-2"",
        ""root cause reason"": ""container CPU load""
    }
}",,590.966,116267,36242,answer 1: component=shippingservice; reason=container network packet retransmission; datetime=2022-03-20 22:44:31,"The only predicted root cause reason is container network packet retransmission
",reason,,container network packet retransmission,0.0,telemetry/openrca/openrca_market_cb2/task_7-27,0.0,[],['container network packet retransmission']
28,28,0,task_7,"The cloud service system, cloudbed-2, experienced a single failure within the time range of March 20, 2022, from 23:00 to 23:30. The root cause component, the exact root cause occurrence time, and the underlying reason are currently unknown. You are tasked with identifying the root cause component, the root cause occurrence datetime, and the root cause reason.","{
    ""1"": {
        ""root cause occurrence datetime"": ""2022-03-20 23:04:00"",
        ""root cause component"": ""adservice-0"",
        ""root cause reason"": ""container read I/O load""
    }
}",,572.637,116524,34946,answer 1: component=node-6; reason=node disk write I/O consumption; datetime=2022-03-20 23:22:28,"The only root cause occurrence time is within 1 minutes (i.e., <=1min) of 2022-03-20 23:22:28
The only predicted root cause component is node-6
The only predicted root cause reason is node disk write I/O consumption
",reason,,"node disk write I/O consumption
2022-03-20 23:22:28
node-6",0.0,telemetry/openrca/openrca_market_cb2/task_7-28,0.0,[],"['node disk write I/O consumption', '2022-03-20 23:22:28', 'node-6']"
29,29,0,task_1,"The cloud service system, cloudbed-2, experienced one failure within the time range of March 20, 2022, from 17:30 to 18:00. The root cause component, the exact root cause occurrence time, and the underlying reason are currently unknown. You are tasked with identifying the root cause component, the root cause occurrence datetime, and the root cause reason.","{
    ""1"": {
        ""root cause occurrence datetime"": ""2022-03-20 17:41:00"",
        ""root cause component"": ""node-5"",
        ""root cause reason"": ""container packet loss""
    }
}",,600.836,114261,35235,answer 1: component=adservice2-0; reason=container network latency; datetime=2022-03-20 17:47:45,"The only root cause occurrence time is within 1 minutes (i.e., <=1min) of 2022-03-20 17:47:45
",reason,,2022-03-20 17:47:45,0.0,telemetry/openrca/openrca_market_cb2/task_7-29,0.0,[],['2022-03-20 17:47:45']
30,30,0,task_7,"The cloud service system, cloudbed-2, experienced one failure within the specified time range of March 20, 2022, from 16:30 to 17:00. The root cause component, the exact root cause occurrence time, and the underlying reason are currently unknown. You are tasked with identifying the root cause component, the root cause occurrence datetime, and the root cause reason.","{
    ""1"": {
        ""root cause occurrence datetime"": ""2022-03-20 16:34:00"",
        ""root cause component"": ""node-5"",
        ""root cause reason"": ""container network latency""
    }
}",,544.817,111649,35869,answer 1: component=cartservice-0; reason=container network latency; datetime=2022-03-20 16:50:36,"The only root cause occurrence time is within 1 minutes (i.e., <=1min) of 2022-03-20 16:50:36
The only predicted root cause component is cartservice-0
The only predicted root cause reason is container network latency
",reason,container network latency,"2022-03-20 16:50:36
cartservice-0",0.33,telemetry/openrca/openrca_market_cb2/task_7-30,0.33,['container network latency'],"['2022-03-20 16:50:36', 'cartservice-0']"
31,31,0,task_3,"The cloud service system, cloudbed-2, experienced two failures during the time range of March 20, 2022, from 14:00 to 14:30. For each failure, the root cause component, the exact root cause occurrence time, and the underlying reason are currently unknown. You are tasked with identifying, for EACH failure, the root cause component, the root cause occurrence datetime, and the root cause reason.","{
    ""1"": {
        ""root cause occurrence datetime"": ""2022-03-20 14:02:00"",
        ""root cause component"": ""frontend-2"",
        ""root cause reason"": ""container network latency""
    },
    ""2"": {
        ""root cause occurrence datetime"": ""2022-03-20 14:14:00"",
        ""root cause component"": ""node-5"",
        ""root cause reason"": ""node disk write I/O consumption""
    }
}",,532.109,116285,36733,"answer 1: component=checkoutservice; reason=container read I/O load; datetime=2022-03-20 14:13:02
answer 2: component=recommendationservice; reason=container network latency; datetime=2022-03-20 14:00:33","The 1-th predicted root cause component is checkoutservice
The 2-th predicted root cause component is recommendationservice
",reason,,"recommendationservice
checkoutservice",0.0,telemetry/openrca/openrca_market_cb2/task_7-31,0.0,[],"['checkoutservice', 'recommendationservice']"
32,32,0,task_4,"During the specified time range of March 21, 2022, from 00:00 to 00:30, the cloud service system, cloudbed-2, experienced two failures. For each failure, the root cause component, the exact root cause occurrence time, and the underlying reason are currently unknown. You are tasked with identifying, for EACH failure, the root cause component, the root cause occurrence datetime, and the root cause reason.","{
    ""1"": {
        ""root cause occurrence datetime"": ""2022-03-21 00:00:00"",
        ""root cause component"": ""node-5"",
        ""root cause reason"": ""container network packet retransmission""
    },
    ""2"": {
        ""root cause occurrence datetime"": ""2022-03-21 00:22:00"",
        ""root cause component"": ""node-5"",
        ""root cause reason"": ""container network packet retransmission""
    }
}",,471.207,120792,35691,"answer 1: component=node-2; reason=node disk read I/O consumption; datetime=2022-03-21 00:07:36
answer 2: component=shippingservice-0; reason=container network packet retransmission; datetime=2022-03-21 00:18:19","The 1-th root cause occurrence time is within 1 minutes (i.e., <=1min) of 2022-03-21 00:07:36
The 1-th predicted root cause reason is node disk read I/O consumption
The 2-th root cause occurrence time is within 1 minutes (i.e., <=1min) of 2022-03-21 00:18:19
The 2-th predicted root cause reason is container network packet retransmission
",reason,container network packet retransmission,"2022-03-21 00:07:36
node disk read I/O consumption
2022-03-21 00:18:19",0.25,telemetry/openrca/openrca_market_cb2/task_7-32,0.25,['container network packet retransmission'],"['node disk read I/O consumption', '2022-03-21 00:07:36', '2022-03-21 00:18:19']"
33,33,0,task_3,"Within the specified time range of March 21, 2022, from 00:00 to 00:30, the cloud service system, cloudbed-2, experienced two failures. For each failure, the root cause component, the exact root cause occurrence time, and the underlying reason are currently unknown. You are tasked with identifying, for EACH failure, the root cause component, the root cause occurrence datetime, and the root cause reason.","{
    ""1"": {
        ""root cause occurrence datetime"": ""2022-03-21 00:00:00"",
        ""root cause component"": ""node-5"",
        ""root cause reason"": ""container network latency""
    },
    ""2"": {
        ""root cause occurrence datetime"": ""2022-03-21 00:22:00"",
        ""root cause component"": ""node-5"",
        ""root cause reason"": ""container network latency""
    }
}",,611.418,119304,41069,"answer 1: component=node-2; reason=node disk read I/O consumption; datetime=2022-03-21 00:07:36
answer 2: component=shippingservice-0; reason=container network packet retransmission; datetime=2022-03-21 00:18:19","The 1-th predicted root cause component is node-2
The 2-th predicted root cause component is shippingservice-0
",reason,,"node-2
shippingservice-0",0.0,telemetry/openrca/openrca_market_cb2/task_7-33,0.0,[],"['node-2', 'shippingservice-0']"
34,34,0,task_1,"The cloud service system, cloudbed-2, experienced a single failure within the time range of March 21, 2022, from 00:30 to 01:00. The root cause component, the exact root cause occurrence time, and the underlying reason are currently unknown. You are tasked with identifying the root cause component, the root cause occurrence datetime, and the root cause reason.","{
    ""1"": {
        ""root cause occurrence datetime"": ""2022-03-21 00:50:00"",
        ""root cause component"": ""frontend-2"",
        ""root cause reason"": ""container CPU load""
    }
}",,548.354,116108,34921,answer 1: component=frontend-2; reason=container read I/O load; datetime=2022-03-21 00:46:49,"The only root cause occurrence time is within 1 minutes (i.e., <=1min) of 2022-03-21 00:46:49
",reason,,2022-03-21 00:46:49,0.0,telemetry/openrca/openrca_market_cb2/task_7-34,0.0,[],['2022-03-21 00:46:49']
35,35,0,task_2,"The cloud service system, cloudbed-2, experienced two failures within the time range of March 21, 2022, from 01:30 to 02:00. For each failure, the root cause component, the exact root cause occurrence time, and the underlying reason are currently unknown. You are tasked with identifying, for EACH failure, the root cause component, the root cause occurrence datetime, and the root cause reason.","{
    ""1"": {
        ""root cause occurrence datetime"": ""2022-03-21 01:30:00"",
        ""root cause component"": ""node-5"",
        ""root cause reason"": ""container network packet retransmission""
    },
    ""2"": {
        ""root cause occurrence datetime"": ""2022-03-21 01:38:00"",
        ""root cause component"": ""node-5"",
        ""root cause reason"": ""container network packet retransmission""
    }
}",,628.873,113012,38739,"answer 1: component=paymentservice-0; reason=container network packet retransmission; datetime=2022-03-21 01:48:05
answer 2: component=adservice-0; reason=container process termination; datetime=2022-03-21 01:34:03","The 1-th predicted root cause reason is container network packet retransmission
The 2-th predicted root cause reason is container process termination
",reason,container network packet retransmission,container process termination,0.5,telemetry/openrca/openrca_market_cb2/task_7-35,0.5,['container network packet retransmission'],['container process termination']
36,36,0,task_5,"The cloud service system, cloudbed-2, experienced one failure within the time range of March 21, 2022, from 02:00 to 02:30. The root cause component, the exact root cause occurrence time, and the underlying reason are currently unknown. You are tasked with identifying the root cause component, the root cause occurrence datetime, and the root cause reason.","{
    ""1"": {
        ""root cause occurrence datetime"": ""2022-03-21 02:04:00"",
        ""root cause component"": ""node-5"",
        ""root cause reason"": ""container packet loss""
    }
}",,584.161,120717,40056,answer 1: component=node-2; reason=node disk space consumption; datetime=2022-03-21 02:08:27,"The only root cause occurrence time is within 1 minutes (i.e., <=1min) of 2022-03-21 02:08:27
The only predicted root cause component is node-2
",reason,,"node-2
2022-03-21 02:08:27",0.0,telemetry/openrca/openrca_market_cb2/task_7-36,0.0,[],"['2022-03-21 02:08:27', 'node-2']"
37,37,0,task_6,"The cloud service system, cloudbed-2, experienced one failure within the time range of March 21, 2022, from 02:30 to 03:00. The root cause component, the exact root cause occurrence time, and the underlying reason are currently unknown. You are tasked with identifying the root cause component, the root cause occurrence datetime, and the root cause reason.","{
    ""1"": {
        ""root cause occurrence datetime"": ""2022-03-21 02:33:00"",
        ""root cause component"": ""node-5"",
        ""root cause reason"": ""container packet loss""
    }
}",,531.471,123016,39176,answer 1: component=cartservice; reason=container network packet corruption; datetime=2022-03-21 02:32:15,"The only predicted root cause component is cartservice
The only predicted root cause reason is container network packet corruption
",reason,,"cartservice
container network packet corruption",0.0,telemetry/openrca/openrca_market_cb2/task_7-37,0.0,[],"['container network packet corruption', 'cartservice']"
38,38,0,task_3,"The cloud service system, cloudbed-2, experienced a single failure within the time range of March 21, 2022, from 03:00 to 03:30. The root cause component, the exact root cause occurrence time, and the underlying reason are currently unknown. You are tasked with identifying the root cause component, the root cause occurrence datetime, and the root cause reason.","{
    ""1"": {
        ""root cause occurrence datetime"": ""2022-03-21 03:10:00"",
        ""root cause component"": ""node-2"",
        ""root cause reason"": ""node disk read I/O consumption""
    }
}",,543.707,119000,35851,answer 1: component=node-5; reason=node disk space consumption; datetime=2022-03-21 03:23:09,"The only predicted root cause component is node-5
",reason,,node-5,0.0,telemetry/openrca/openrca_market_cb2/task_7-38,0.0,[],['node-5']
39,39,0,task_2,"The cloud service system, cloudbed-2, experienced a failure during the time range of March 21, 2022, from 04:00 to 04:30. The root cause component, the exact root cause occurrence time, and the underlying reason are currently unknown. You are tasked with identifying the root cause component, the root cause occurrence datetime, and the root cause reason.","{
    ""1"": {
        ""root cause occurrence datetime"": ""2022-03-21 04:00:00"",
        ""root cause component"": ""node-5"",
        ""root cause reason"": ""container network packet retransmission""
    }
}",,575.017,112563,34379,answer 1: component=emailservice; reason=container read I/O load; datetime=2022-03-21 04:13:34,"The only predicted root cause reason is container read I/O load
",reason,,container read I/O load,0.0,telemetry/openrca/openrca_market_cb2/task_7-39,0.0,[],['container read I/O load']
40,40,0,task_6,"The cloud service system, cloudbed-2, experienced a single failure within the time range of March 21, 2022, from 04:30 to 05:00. The root cause component, the exact root cause occurrence time, and the underlying reason are currently unknown. You are tasked with identifying the root cause component, the root cause occurrence datetime, and the root cause reason.","{
    ""1"": {
        ""root cause occurrence datetime"": ""2022-03-21 04:34:00"",
        ""root cause component"": ""frontend"",
        ""root cause reason"": ""container CPU load""
    }
}",,594.014,119740,39813,answer 1: component=cartservice; reason=container packet loss; datetime=2022-03-21 04:33:47,"The only predicted root cause component is cartservice
The only predicted root cause reason is container packet loss
",reason,,"container packet loss
cartservice",0.0,telemetry/openrca/openrca_market_cb2/task_7-40,0.0,[],"['container packet loss', 'cartservice']"
41,41,0,task_4,"The cloud service system, cloudbed-2, experienced a failure within the time range of March 21, 2022, from 05:00 to 05:30. The root cause component, the exact root cause occurrence time, and the underlying reason are currently unknown. You are tasked with identifying the root cause component, the root cause occurrence datetime, and the root cause reason.","{
    ""1"": {
        ""root cause occurrence datetime"": ""2022-03-21 05:03:00"",
        ""root cause component"": ""node-5"",
        ""root cause reason"": ""node disk write I/O consumption""
    }
}",,567.393,120215,37266,answer 1: component=productcatalogservice-0; reason=container write I/O load; datetime=2022-03-21 05:22:50,"The only root cause occurrence time is within 1 minutes (i.e., <=1min) of 2022-03-21 05:22:50
The only predicted root cause reason is container write I/O load
",reason,,"2022-03-21 05:22:50
container write I/O load",0.0,telemetry/openrca/openrca_market_cb2/task_7-41,0.0,[],"['container write I/O load', '2022-03-21 05:22:50']"
42,42,0,task_4,"During the time range of March 21, 2022, from 06:00 to 06:30, the cloud service system, cloudbed-2, experienced a failure. The root cause component, the exact root cause occurrence time, and the underlying reason are currently unknown. You are tasked with identifying the root cause component, the root cause occurrence datetime, and the root cause reason.","{
    ""1"": {
        ""root cause occurrence datetime"": ""2022-03-21 06:02:00"",
        ""root cause component"": ""node-5"",
        ""root cause reason"": ""container packet loss""
    }
}",,576.995,120052,35572,answer 1: component=node-4; reason=node memory consumption; datetime=2022-03-21 06:20:29,"The only root cause occurrence time is within 1 minutes (i.e., <=1min) of 2022-03-21 06:20:29
The only predicted root cause reason is node memory consumption
",reason,,"node memory consumption
2022-03-21 06:20:29",0.0,telemetry/openrca/openrca_market_cb2/task_7-42,0.0,[],"['node memory consumption', '2022-03-21 06:20:29']"
43,43,0,task_6,"The cloud service system, cloudbed-2, encountered a failure within the time range of March 21, 2022, from 06:30 to 07:00. The root cause component, the exact root cause occurrence time, and the underlying reason are currently unknown. You are tasked with identifying the root cause component, the root cause occurrence datetime, and the root cause reason.","{
    ""1"": {
        ""root cause occurrence datetime"": ""2022-03-21 06:46:00"",
        ""root cause component"": ""frontend"",
        ""root cause reason"": ""container network packet retransmission""
    }
}",,590.202,121388,39382,answer 1: component=recommendationservice-1; reason=container network packet corruption; datetime=2022-03-21 06:44:32,"The only predicted root cause component is recommendationservice-1
The only predicted root cause reason is container network packet corruption
",reason,,"recommendationservice-1
container network packet corruption",0.0,telemetry/openrca/openrca_market_cb2/task_7-43,0.0,[],"['container network packet corruption', 'recommendationservice-1']"
44,44,0,task_4,"The cloud service system, cloudbed-2, experienced a failure within the time range of March 21, 2022, from 07:30 to 08:00. The root cause component, the exact root cause occurrence time, and the underlying reason are currently unknown. You are tasked with identifying the root cause component, the root cause occurrence datetime, and the root cause reason.","{
    ""1"": {
        ""root cause occurrence datetime"": ""2022-03-21 07:30:00"",
        ""root cause component"": ""node-5"",
        ""root cause reason"": ""container packet loss""
    }
}",,520.863,122220,37946,answer 1: component=node-4; reason=node CPU load; datetime=2022-03-21 07:47:56,"The only root cause occurrence time is within 1 minutes (i.e., <=1min) of 2022-03-21 07:47:56
The only predicted root cause reason is node CPU load
",reason,,"2022-03-21 07:47:56
node CPU load",0.0,telemetry/openrca/openrca_market_cb2/task_7-44,0.0,[],"['2022-03-21 07:47:56', 'node CPU load']"
45,45,0,task_2,"Within the specified time range of March 21, 2022, from 08:00 to 08:30, the cloud service system, cloudbed-2, experienced a failure. The root cause component, the exact root cause occurrence time, and the underlying reason are currently unknown. You are tasked with identifying the root cause component, the root cause occurrence datetime, and the root cause reason.","{
    ""1"": {
        ""root cause occurrence datetime"": ""2022-03-21 08:18:00"",
        ""root cause component"": ""productcatalogservice-0"",
        ""root cause reason"": ""container process termination""
    }
}",,629.608,122078,38758,answer 1: component=productcatalogservice; reason=container packet loss; datetime=2022-03-21 08:17:52,"The only predicted root cause reason is container packet loss
",reason,,container packet loss,0.0,telemetry/openrca/openrca_market_cb2/task_7-45,0.0,[],['container packet loss']
46,46,0,task_3,"The cloud service system, cloudbed-2, experienced a failure within the time range of March 21, 2022, from 08:30 to 09:00. The root cause component, the exact root cause occurrence time, and the underlying reason are currently unknown. You are tasked with identifying the root cause component, the root cause occurrence datetime, and the root cause reason.","{
    ""1"": {
        ""root cause occurrence datetime"": ""2022-03-21 08:30:00"",
        ""root cause component"": ""node-5"",
        ""root cause reason"": ""container network latency""
    }
}",,534.305,113073,34125,answer 1: component=node-6; reason=node disk write I/O consumption; datetime=2022-03-21 08:46:29,"The only predicted root cause component is node-6
",reason,,node-6,0.0,telemetry/openrca/openrca_market_cb2/task_7-46,0.0,[],['node-6']
47,47,0,task_2,"The system, cloudbed-2, encountered a single failure within the time range of March 21, 2022, from 09:30 to 10:00. The root cause component, the exact root cause occurrence time, and the underlying reason are currently unknown. You are tasked with identifying the root cause component, the root cause occurrence datetime, and the root cause reason.","{
    ""1"": {
        ""root cause occurrence datetime"": ""2022-03-21 09:33:00"",
        ""root cause component"": ""node-5"",
        ""root cause reason"": ""container network latency""
    }
}",,557.503,112922,36426,answer 1: component=shippingservice-1; reason=container memory load; datetime=2022-03-21 09:31:14,"The only predicted root cause reason is container memory load
",reason,,container memory load,0.0,telemetry/openrca/openrca_market_cb2/task_7-47,0.0,[],['container memory load']
48,48,0,task_2,"During the time range of March 21, 2022, from 10:00 to 10:30, the cloud service system, cloudbed-2, experienced two failures. For each failure, the root cause component, the exact root cause occurrence time, and the underlying reason are currently unknown. You are tasked with identifying, for EACH failure, the root cause component, the root cause occurrence datetime, and the root cause reason.","{
    ""1"": {
        ""root cause occurrence datetime"": ""2022-03-21 10:07:00"",
        ""root cause component"": ""node-6"",
        ""root cause reason"": ""container network packet retransmission""
    },
    ""2"": {
        ""root cause occurrence datetime"": ""2022-03-21 10:10:00"",
        ""root cause component"": ""node-6"",
        ""root cause reason"": ""container network packet retransmission""
    }
}","{
    ""1"": {
        ""root cause occurrence datetime"": ""2022-03-21 10:07:00"",
        ""root cause component"": ""node-6"",
        ""root cause reason"": ""container network packet retransmission""
    },
    ""2"": {
        ""root cause occurrence datetime"": ""2022-03-21 10:10:00"",
        ""root cause component"": ""node-6"",
        ""root cause reason"": ""container network packet retransmission""
    }
}",653.396,118506,39421,"answer 1: component=node-6; reason=node CPU load; datetime=2022-03-21 10:02:27
answer 2: component=frontend; reason=container memory load; datetime=2022-03-21 10:29:27","The 1-th predicted root cause reason is node CPU load
The 2-th predicted root cause reason is container memory load
",reason,,"container memory load
node CPU load",0.0,telemetry/openrca/openrca_market_cb2/task_7-48,0.0,[],"['container memory load', 'node CPU load']"
49,49,0,task_6,"The cloud service system, cloudbed-2, experienced two failures within the time range of March 21, 2022, from 10:00 to 10:30. For each failure, the root cause component, the exact root cause occurrence time, and the underlying reason are currently unknown. You are tasked with identifying, for EACH failure, the root cause component, the root cause occurrence datetime, and the root cause reason.","{
    ""1"": {
        ""root cause occurrence datetime"": ""2022-03-21 10:03:00"",
        ""root cause component"": ""node-6"",
        ""root cause reason"": ""container network packet retransmission""
    },
    ""2"": {
        ""root cause occurrence datetime"": ""2022-03-21 10:08:00"",
        ""root cause component"": ""node-4"",
        ""root cause reason"": ""container network packet retransmission""
    }
}","{
    ""1"": {
        ""root cause occurrence datetime"": ""2022-03-21 10:03:00"",
        ""root cause component"": ""node-6"",
        ""root cause reason"": ""container network packet retransmission""
    },
    ""2"": {
        ""root cause occurrence datetime"": ""2022-03-21 10:08:00"",
        ""root cause component"": ""node-4"",
        ""root cause reason"": ""container network packet retransmission""
    }
}",582.79,110287,37574,"answer 1: component=node-6; reason=node CPU load; datetime=2022-03-21 10:02:27
answer 2: component=frontend; reason=container memory load; datetime=2022-03-21 10:29:27","The 1-th predicted root cause component is node-6
The 1-th predicted root cause reason is node CPU load
The 2-th predicted root cause component is frontend
The 2-th predicted root cause reason is container memory load
",reason,node-6,"container memory load
frontend
node CPU load",0.25,telemetry/openrca/openrca_market_cb2/task_7-49,0.25,['node-6'],"['container memory load', 'frontend', 'node CPU load']"
50,50,0,task_5,"The cloudbed-2 system experienced a single failure within the time range of March 21, 2022, from 10:30 to 11:00. The root cause component, the exact root cause occurrence time, and the underlying reason are currently unknown. You are tasked with identifying the root cause component, the root cause occurrence datetime, and the root cause reason.","{
    ""1"": {
        ""root cause occurrence datetime"": ""2022-03-21 10:32:00"",
        ""root cause component"": ""adservice2-0"",
        ""root cause reason"": ""container CPU load""
    }
}","{
    ""1"": {
        ""root cause occurrence datetime"": ""2022-03-21 10:32:00"",
        ""root cause component"": ""adservice2-0"",
        ""root cause reason"": ""container CPU load""
    }
}",551.411,112992,33348,answer 1: component=adservice; reason=container read I/O load; datetime=2022-03-21 10:52:36,"The only root cause occurrence time is within 1 minutes (i.e., <=1min) of 2022-03-21 10:52:36
The only predicted root cause component is adservice
",reason,,"adservice
2022-03-21 10:52:36",0.0,telemetry/openrca/openrca_market_cb2/task_7-50,0.0,[],"['adservice', '2022-03-21 10:52:36']"
51,51,0,task_5,"The cloud service system, cloudbed-2, experienced two failures within the time range of March 21, 2022, from 11:00 to 11:30. For each failure, the root cause component, the exact root cause occurrence time, and the underlying reason are currently unknown. You are tasked with identifying, for EACH failure, the root cause component, the root cause occurrence datetime, and the root cause reason.","{
    ""1"": {
        ""root cause occurrence datetime"": ""2022-03-21 11:06:00"",
        ""root cause component"": ""checkoutservice-2"",
        ""root cause reason"": ""container CPU load""
    },
    ""2"": {
        ""root cause occurrence datetime"": ""2022-03-21 11:16:00"",
        ""root cause component"": ""cartservice-0"",
        ""root cause reason"": ""container CPU load""
    }
}","{
    ""1"": {
        ""root cause occurrence datetime"": ""2022-03-21 11:06:00"",
        ""root cause component"": ""checkoutservice-2"",
        ""root cause reason"": ""container CPU load""
    },
    ""2"": {
        ""root cause occurrence datetime"": ""2022-03-21 11:16:00"",
        ""root cause component"": ""cartservice-0"",
        ""root cause reason"": ""container CPU load""
    }
}",552.872,127548,37002,"answer 1: component=checkoutservice; reason=container packet loss; datetime=2022-03-21 11:03:55
answer 2: component=node-6; reason=node disk read I/O consumption; datetime=2022-03-21 11:25:17","The 1-th root cause occurrence time is within 1 minutes (i.e., <=1min) of 2022-03-21 11:03:55
The 1-th predicted root cause component is checkoutservice
The 2-th root cause occurrence time is within 1 minutes (i.e., <=1min) of 2022-03-21 11:25:17
The 2-th predicted root cause component is node-6
",reason,,"2022-03-21 11:25:17
checkoutservice
2022-03-21 11:03:55
node-6",0.0,telemetry/openrca/openrca_market_cb2/task_7-51,0.0,[],"['checkoutservice', '2022-03-21 11:25:17', '2022-03-21 11:03:55', 'node-6']"
52,52,0,task_3,"The cloud service system, cloudbed-2, experienced two failures within the specified time range of March 21, 2022, from 11:00 to 11:30. For each failure, the root cause component, the exact root cause occurrence time, and the underlying reason are currently unknown. You are tasked with identifying, for EACH failure, the root cause component, the root cause occurrence datetime, and the root cause reason.","{
    ""1"": {
        ""root cause occurrence datetime"": ""2022-03-21 11:06:00"",
        ""root cause component"": ""checkoutservice-2"",
        ""root cause reason"": ""container CPU load""
    },
    ""2"": {
        ""root cause occurrence datetime"": ""2022-03-21 11:16:00"",
        ""root cause component"": ""cartservice-0"",
        ""root cause reason"": ""container CPU load""
    }
}","{
    ""1"": {
        ""root cause occurrence datetime"": ""2022-03-21 11:06:00"",
        ""root cause component"": ""checkoutservice-2"",
        ""root cause reason"": ""container CPU load""
    },
    ""2"": {
        ""root cause occurrence datetime"": ""2022-03-21 11:16:00"",
        ""root cause component"": ""cartservice-0"",
        ""root cause reason"": ""container CPU load""
    }
}",614.871,125352,38689,"answer 1: component=checkoutservice; reason=container packet loss; datetime=2022-03-21 11:03:55
answer 2: component=node-6; reason=node disk read I/O consumption; datetime=2022-03-21 11:25:17","The 1-th predicted root cause component is checkoutservice
The 2-th predicted root cause component is node-6
",reason,,"checkoutservice
node-6",0.0,telemetry/openrca/openrca_market_cb2/task_7-52,0.0,[],"['checkoutservice', 'node-6']"
53,53,0,task_6,"The cloud service system, cloudbed-2, experienced a failure within the time range of March 21, 2022, from 12:00 to 12:30. The root cause component, the exact root cause occurrence time, and the underlying reason are currently unknown. You are tasked with identifying the root cause component, the root cause occurrence datetime, and the root cause reason.","{
    ""1"": {
        ""root cause occurrence datetime"": ""2022-03-21 12:24:00"",
        ""root cause component"": ""cartservice-0"",
        ""root cause reason"": ""container CPU load""
    }
}","{
    ""1"": {
        ""root cause occurrence datetime"": ""2022-03-21 12:24:00"",
        ""root cause component"": ""cartservice-0"",
        ""root cause reason"": ""container CPU load""
    }
}",487.285,112614,32070,answer 1: component=node-5; reason=node disk write I/O consumption; datetime=2022-03-21 12:14:07,"The only predicted root cause component is node-5
The only predicted root cause reason is node disk write I/O consumption
",reason,,"node-5
node disk write I/O consumption",0.0,telemetry/openrca/openrca_market_cb2/task_7-53,0.0,[],"['node disk write I/O consumption', 'node-5']"
54,54,0,task_5,"The cloud service system, cloudbed-2, may have experienced a failure within the time range of March 21, 2022, from 12:30 to 13:00. The root cause component, the exact root cause occurrence time, and the underlying reason are currently unknown. You are tasked with identifying the root cause component, the root cause occurrence datetime, and the root cause reason.","{
    ""1"": {
        ""root cause occurrence datetime"": ""2022-03-21 12:48:00"",
        ""root cause component"": ""node-5"",
        ""root cause reason"": ""container network latency""
    }
}","{
    ""1"": {
        ""root cause occurrence datetime"": ""2022-03-21 12:48:00"",
        ""root cause component"": ""node-5"",
        ""root cause reason"": ""container network latency""
    }
}",539.436,121729,33892,answer 1: component=shippingservice-0; reason=container network packet corruption; datetime=2022-03-21 12:46:23,"The only root cause occurrence time is within 1 minutes (i.e., <=1min) of 2022-03-21 12:46:23
The only predicted root cause component is shippingservice-0
",reason,,"shippingservice-0
2022-03-21 12:46:23",0.0,telemetry/openrca/openrca_market_cb2/task_7-54,0.0,[],"['2022-03-21 12:46:23', 'shippingservice-0']"
55,55,0,task_3,"The cloud service system, cloudbed-2, experienced a failure within the time range of March 21, 2022, from 13:00 to 13:30. The root cause component, the exact root cause occurrence time, and the underlying reason are currently unknown. You are tasked with identifying the root cause component, the root cause occurrence datetime, and the root cause reason.","{
    ""1"": {
        ""root cause occurrence datetime"": ""2022-03-21 13:07:00"",
        ""root cause component"": ""node-5"",
        ""root cause reason"": ""container packet loss""
    }
}","{
    ""1"": {
        ""root cause occurrence datetime"": ""2022-03-21 13:07:00"",
        ""root cause component"": ""node-5"",
        ""root cause reason"": ""container packet loss""
    }
}",590.951,122312,37887,answer 1: component=shippingservice-2; reason=container read I/O load; datetime=2022-03-21 13:17:36,"The only predicted root cause component is shippingservice-2
",reason,,shippingservice-2,0.0,telemetry/openrca/openrca_market_cb2/task_7-55,0.0,[],['shippingservice-2']
56,56,0,task_2,"The cloud service system, cloudbed-2, encountered two failures on March 21, 2022, between 13:30 and 14:00. For each failure, the root cause component, the exact root cause occurrence time, and the underlying reason are currently unknown. You are tasked with identifying, for EACH failure, the root cause component, the root cause occurrence datetime, and the root cause reason.","{
    ""1"": {
        ""root cause occurrence datetime"": ""2022-03-21 13:30:00"",
        ""root cause component"": ""node-5"",
        ""root cause reason"": ""container packet loss""
    },
    ""2"": {
        ""root cause occurrence datetime"": ""2022-03-21 13:58:00"",
        ""root cause component"": ""emailservice-0"",
        ""root cause reason"": ""container network latency""
    }
}","{
    ""1"": {
        ""root cause occurrence datetime"": ""2022-03-21 13:30:00"",
        ""root cause component"": ""node-5"",
        ""root cause reason"": ""container packet loss""
    },
    ""2"": {
        ""root cause occurrence datetime"": ""2022-03-21 13:58:00"",
        ""root cause component"": ""emailservice-0"",
        ""root cause reason"": ""container network latency""
    }
}",542.756,122093,37762,"answer 1: component=recommendationservice-0; reason=container network packet retransmission; datetime=2022-03-21 13:36:21
answer 2: component=frontend-2; reason=container packet loss; datetime=2022-03-21 13:49:13","The 1-th predicted root cause reason is container network packet retransmission
The 2-th predicted root cause reason is container packet loss
",reason,container packet loss,container network packet retransmission,0.5,telemetry/openrca/openrca_market_cb2/task_7-56,0.5,['container packet loss'],['container network packet retransmission']
57,57,0,task_2,"The cloud service system, cloudbed-2, experienced two failures within the time range of March 21, 2022, from 13:30 to 14:00. For each failure, the root cause component, the exact root cause occurrence time, and the underlying reason are currently unknown. You are tasked with identifying, for EACH failure, the root cause component, the root cause occurrence datetime, and the root cause reason.","{
    ""1"": {
        ""root cause occurrence datetime"": ""2022-03-21 13:30:00"",
        ""root cause component"": ""node-5"",
        ""root cause reason"": ""container packet loss""
    },
    ""2"": {
        ""root cause occurrence datetime"": ""2022-03-21 13:45:00"",
        ""root cause component"": ""node-5"",
        ""root cause reason"": ""container packet loss""
    }
}","{
    ""1"": {
        ""root cause occurrence datetime"": ""2022-03-21 13:30:00"",
        ""root cause component"": ""node-5"",
        ""root cause reason"": ""container packet loss""
    },
    ""2"": {
        ""root cause occurrence datetime"": ""2022-03-21 13:45:00"",
        ""root cause component"": ""node-5"",
        ""root cause reason"": ""container packet loss""
    }
}",520.207,122373,35035,"answer 1: component=recommendationservice-0; reason=container network packet retransmission; datetime=2022-03-21 13:36:21
answer 2: component=frontend-2; reason=container packet loss; datetime=2022-03-21 13:49:13","The 1-th predicted root cause reason is container network packet retransmission
The 2-th predicted root cause reason is container packet loss
",reason,container packet loss,container network packet retransmission,0.5,telemetry/openrca/openrca_market_cb2/task_7-57,0.5,['container packet loss'],['container network packet retransmission']
58,58,0,task_5,"The cloud service system, cloudbed-2, experienced a failure within the time range of March 21, 2022, from 14:00 to 14:30. The root cause component, the exact root cause occurrence time, and the underlying reason are currently unknown. You are tasked with identifying the root cause component, the root cause occurrence datetime, and the root cause reason.","{
    ""1"": {
        ""root cause occurrence datetime"": ""2022-03-21 14:22:00"",
        ""root cause component"": ""productcatalogservice-1"",
        ""root cause reason"": ""container packet loss""
    }
}","{
    ""1"": {
        ""root cause occurrence datetime"": ""2022-03-21 14:22:00"",
        ""root cause component"": ""productcatalogservice-1"",
        ""root cause reason"": ""container packet loss""
    }
}",486.915,122227,34608,answer 1: component=productcatalogservice-1; reason=container packet loss; datetime=2022-03-21 14:19:48,"The only root cause occurrence time is within 1 minutes (i.e., <=1min) of 2022-03-21 14:19:48
The only predicted root cause component is productcatalogservice-1
",reason,productcatalogservice-1,2022-03-21 14:19:48,0.5,telemetry/openrca/openrca_market_cb2/task_7-58,0.5,['productcatalogservice-1'],['2022-03-21 14:19:48']
59,59,0,task_4,"The cloud service system, cloudbed-2, experienced two failures within the time range of March 21, 2022, from 14:30 to 15:00. For each failure, the root cause component, the exact root cause occurrence time, and the underlying reason are currently unknown. You are tasked with identifying, for EACH failure, the root cause component, the root cause occurrence datetime, and the root cause reason.","{
    ""1"": {
        ""root cause occurrence datetime"": ""2022-03-21 14:41:00"",
        ""root cause component"": ""frontend-2"",
        ""root cause reason"": ""container CPU load""
    },
    ""2"": {
        ""root cause occurrence datetime"": ""2022-03-21 14:51:00"",
        ""root cause component"": ""node-5"",
        ""root cause reason"": ""node disk write I/O consumption""
    }
}","{
    ""1"": {
        ""root cause occurrence datetime"": ""2022-03-21 14:41:00"",
        ""root cause component"": ""frontend-2"",
        ""root cause reason"": ""container CPU load""
    },
    ""2"": {
        ""root cause occurrence datetime"": ""2022-03-21 14:51:00"",
        ""root cause component"": ""node-5"",
        ""root cause reason"": ""node disk write I/O consumption""
    }
}",548.308,119497,35129,"answer 1: component=productcatalogservice2-0; reason=container memory load; datetime=2022-03-21 14:39:11
answer 2: component=frontend; reason=container CPU load; datetime=2022-03-21 14:59:01","The 1-th root cause occurrence time is within 1 minutes (i.e., <=1min) of 2022-03-21 14:39:11
The 1-th predicted root cause reason is container memory load
The 2-th root cause occurrence time is within 1 minutes (i.e., <=1min) of 2022-03-21 14:59:01
The 2-th predicted root cause reason is container CPU load
",reason,container CPU load,"2022-03-21 14:59:01
container memory load
2022-03-21 14:39:11",0.25,telemetry/openrca/openrca_market_cb2/task_7-59,0.25,['container CPU load'],"['2022-03-21 14:59:01', 'container memory load', '2022-03-21 14:39:11']"
60,60,0,task_1,"The cloud service system, cloudbed-2, experienced two failures within the time range of March 21, 2022, from 14:30 to 15:00. For each failure, the root cause component, the exact root cause occurrence time, and the underlying reason are currently unknown. You are tasked with identifying, for EACH failure, the root cause component, the root cause occurrence datetime, and the root cause reason.","{
    ""1"": {
        ""root cause occurrence datetime"": ""2022-03-21 14:41:00"",
        ""root cause component"": ""frontend-0"",
        ""root cause reason"": ""container CPU load""
    },
    ""2"": {
        ""root cause occurrence datetime"": ""2022-03-21 14:40:00"",
        ""root cause component"": ""node-6"",
        ""root cause reason"": ""node disk write I/O consumption""
    }
}","{
    ""1"": {
        ""root cause occurrence datetime"": ""2022-03-21 14:41:00"",
        ""root cause component"": ""frontend-0"",
        ""root cause reason"": ""container CPU load""
    },
    ""2"": {
        ""root cause occurrence datetime"": ""2022-03-21 14:40:00"",
        ""root cause component"": ""node-6"",
        ""root cause reason"": ""node disk write I/O consumption""
    }
}",610.109,118013,36371,"answer 1: component=productcatalogservice2-0; reason=container memory load; datetime=2022-03-21 14:39:11
answer 2: component=frontend; reason=container CPU load; datetime=2022-03-21 14:59:01","The 1-th root cause occurrence time is within 1 minutes (i.e., <=1min) of 2022-03-21 14:39:11
The 2-th root cause occurrence time is within 1 minutes (i.e., <=1min) of 2022-03-21 14:59:01
",reason,2022-03-21 14:39:11,2022-03-21 14:59:01,0.5,telemetry/openrca/openrca_market_cb2/task_7-60,0.5,['2022-03-21 14:39:11'],['2022-03-21 14:59:01']
61,61,0,task_7,"The cloud service system, cloudbed-2, experienced a failure within the time range of March 21, 2022, from 16:30 to 17:00. The root cause component, the exact root cause occurrence time, and the underlying reason are currently unknown. You are tasked with identifying the root cause component, the root cause occurrence datetime, and the root cause reason.","{
    ""1"": {
        ""root cause occurrence datetime"": ""2022-03-21 16:30:00"",
        ""root cause component"": ""adservice"",
        ""root cause reason"": ""container memory load""
    }
}","{
    ""1"": {
        ""root cause occurrence datetime"": ""2022-03-21 16:30:00"",
        ""root cause component"": ""adservice"",
        ""root cause reason"": ""container memory load""
    }
}",549.274,116379,38140,answer 1: component=node-1; reason=node disk space consumption; datetime=2022-03-21 16:46:50,"The only root cause occurrence time is within 1 minutes (i.e., <=1min) of 2022-03-21 16:46:50
The only predicted root cause component is node-1
The only predicted root cause reason is node disk space consumption
",reason,,"2022-03-21 16:46:50
node-1
node disk space consumption",0.0,telemetry/openrca/openrca_market_cb2/task_7-61,0.0,[],"['node-1', 'node disk space consumption', '2022-03-21 16:46:50']"
62,62,0,task_1,"The cloud service system, cloudbed-2, encountered two failures between March 21, 2022, from 18:00 to 18:30. For each failure, the root cause component, the exact root cause occurrence time, and the underlying reason are currently unknown. You are tasked with identifying, for EACH failure, the root cause component, the root cause occurrence datetime, and the root cause reason.","{
    ""1"": {
        ""root cause occurrence datetime"": ""2022-03-21 18:10:00"",
        ""root cause component"": ""frontend-1"",
        ""root cause reason"": ""container packet loss""
    },
    ""2"": {
        ""root cause occurrence datetime"": ""2022-03-21 18:14:00"",
        ""root cause component"": ""checkoutservice-2"",
        ""root cause reason"": ""container packet loss""
    }
}","{
    ""1"": {
        ""root cause occurrence datetime"": ""2022-03-21 18:10:00"",
        ""root cause component"": ""frontend-1"",
        ""root cause reason"": ""container packet loss""
    },
    ""2"": {
        ""root cause occurrence datetime"": ""2022-03-21 18:14:00"",
        ""root cause component"": ""checkoutservice-2"",
        ""root cause reason"": ""container packet loss""
    }
}",492.944,125329,36443,"answer 1: component=checkoutservice; reason=container network packet corruption; datetime=2022-03-21 18:08:02
answer 2: component=adservice; reason=container packet loss; datetime=2022-03-21 18:29:15","The 1-th root cause occurrence time is within 1 minutes (i.e., <=1min) of 2022-03-21 18:08:02
The 2-th root cause occurrence time is within 1 minutes (i.e., <=1min) of 2022-03-21 18:29:15
",reason,,"2022-03-21 18:08:02
2022-03-21 18:29:15",0.0,telemetry/openrca/openrca_market_cb2/task_7-62,0.0,[],"['2022-03-21 18:08:02', '2022-03-21 18:29:15']"
63,63,0,task_2,"The cloud service system, cloudbed-2, experienced two failures within the time range of March 21, 2022, from 18:00 to 18:30. For each failure, the root cause component, the exact root cause occurrence time, and the underlying reason are currently unknown. You are tasked with identifying, for EACH failure, the root cause component, the root cause occurrence datetime, and the root cause reason.","{
    ""1"": {
        ""root cause occurrence datetime"": ""2022-03-21 18:03:00"",
        ""root cause component"": ""cartservice-0"",
        ""root cause reason"": ""container network latency""
    },
    ""2"": {
        ""root cause occurrence datetime"": ""2022-03-21 18:10:00"",
        ""root cause component"": ""node-3"",
        ""root cause reason"": ""node CPU spike""
    }
}","{
    ""1"": {
        ""root cause occurrence datetime"": ""2022-03-21 18:03:00"",
        ""root cause component"": ""cartservice-0"",
        ""root cause reason"": ""container network latency""
    },
    ""2"": {
        ""root cause occurrence datetime"": ""2022-03-21 18:10:00"",
        ""root cause component"": ""node-3"",
        ""root cause reason"": ""node CPU spike""
    }
}",470.931,110476,32376,"answer 1: component=checkoutservice; reason=container network packet corruption; datetime=2022-03-21 18:08:02
answer 2: component=adservice; reason=container packet loss; datetime=2022-03-21 18:29:15","The 1-th predicted root cause reason is container network packet corruption
The 2-th predicted root cause reason is container packet loss
",reason,,"container packet loss
container network packet corruption",0.0,telemetry/openrca/openrca_market_cb2/task_7-63,0.0,[],"['container packet loss', 'container network packet corruption']"
64,64,0,task_6,"On March 21, 2022, between 18:30 and 19:00, the cloud service system, cloudbed-2, experienced one failure. The root cause component, the exact root cause occurrence time, and the underlying reason are currently unknown. You are tasked with identifying the root cause component, the root cause occurrence datetime, and the root cause reason.","{
    ""1"": {
        ""root cause occurrence datetime"": ""2022-03-21 18:37:00"",
        ""root cause component"": ""checkoutservice-0"",
        ""root cause reason"": ""container CPU load""
    }
}","{
    ""1"": {
        ""root cause occurrence datetime"": ""2022-03-21 18:37:00"",
        ""root cause component"": ""checkoutservice-0"",
        ""root cause reason"": ""container CPU load""
    }
}",572.83,113064,33665,answer 1: component=node-6; reason=node memory consumption; datetime=2022-03-21 18:44:53,"The only predicted root cause component is node-6
The only predicted root cause reason is node memory consumption
",reason,,"node memory consumption
node-6",0.0,telemetry/openrca/openrca_market_cb2/task_7-64,0.0,[],"['node memory consumption', 'node-6']"
65,65,0,task_2,"The cloud service system, cloudbed-2, encountered a failure within the time range of March 21, 2022, from 19:00 to 19:30. The root cause component, the exact root cause occurrence time, and the underlying reason are currently unknown. You are tasked with identifying the root cause component, the root cause occurrence datetime, and the root cause reason.","{
    ""1"": {
        ""root cause occurrence datetime"": ""2022-03-21 19:00:00"",
        ""root cause component"": ""node-5"",
        ""root cause reason"": ""node CPU load""
    }
}","{
    ""1"": {
        ""root cause occurrence datetime"": ""2022-03-21 19:00:00"",
        ""root cause component"": ""node-5"",
        ""root cause reason"": ""node CPU load""
    }
}",556.86,123765,34277,answer 1: component=shippingservice; reason=container memory load; datetime=2022-03-21 19:10:02,"The only predicted root cause reason is container memory load
",reason,,container memory load,0.0,telemetry/openrca/openrca_market_cb2/task_7-65,0.0,[],['container memory load']
66,66,0,task_7,"The cloud service system, cloudbed-2, experienced a failure within the time range of March 21, 2022, from 19:30 to 20:00. The root cause component, the exact root cause occurrence time, and the underlying reason are currently unknown. You are tasked with identifying the root cause component, the root cause occurrence datetime, and the root cause reason.","{
    ""1"": {
        ""root cause occurrence datetime"": ""2022-03-21 19:34:00"",
        ""root cause component"": ""node-5"",
        ""root cause reason"": ""container packet loss""
    }
}","{
    ""1"": {
        ""root cause occurrence datetime"": ""2022-03-21 19:34:00"",
        ""root cause component"": ""node-5"",
        ""root cause reason"": ""container packet loss""
    }
}",666.935,118463,42385,answer 1: component=paymentservice; reason=container CPU load; datetime=2022-03-21 19:32:55,"The only root cause occurrence time is within 1 minutes (i.e., <=1min) of 2022-03-21 19:32:55
The only predicted root cause component is paymentservice
The only predicted root cause reason is container CPU load
",reason,,"paymentservice
container CPU load
2022-03-21 19:32:55",0.0,telemetry/openrca/openrca_market_cb2/task_7-66,0.0,[],"['container CPU load', '2022-03-21 19:32:55', 'paymentservice']"
67,67,0,task_6,"The cloud service system, cloudbed-2, experienced one failure within the time range of March 21, 2022, from 20:00 to 20:30. The root cause component, the exact root cause occurrence time, and the underlying reason are currently unknown. You are tasked with identifying the root cause component, the root cause occurrence datetime, and the root cause reason.","{
    ""1"": {
        ""root cause occurrence datetime"": ""2022-03-21 20:04:00"",
        ""root cause component"": ""node-5"",
        ""root cause reason"": ""container network latency""
    }
}","{
    ""1"": {
        ""root cause occurrence datetime"": ""2022-03-21 20:04:00"",
        ""root cause component"": ""node-5"",
        ""root cause reason"": ""container network latency""
    }
}",555.142,121520,33215,answer 1: component=checkoutservice-2; reason=container network packet corruption; datetime=2022-03-21 20:03:30,"The only predicted root cause component is checkoutservice-2
The only predicted root cause reason is container network packet corruption
",reason,,"checkoutservice-2
container network packet corruption",0.0,telemetry/openrca/openrca_market_cb2/task_7-67,0.0,[],"['container network packet corruption', 'checkoutservice-2']"
68,68,0,task_4,"The cloud service system, cloudbed-2, experienced a single failure within the time range of March 21, 2022, from 20:30 to 21:00. The root cause component, the exact root cause occurrence time, and the underlying reason are currently unknown. You are tasked with identifying the root cause component, the root cause occurrence datetime, and the root cause reason.","{
    ""1"": {
        ""root cause occurrence datetime"": ""2022-03-21 20:34:00"",
        ""root cause component"": ""node-5"",
        ""root cause reason"": ""container CPU load""
    }
}","{
    ""1"": {
        ""root cause occurrence datetime"": ""2022-03-21 20:34:00"",
        ""root cause component"": ""node-5"",
        ""root cause reason"": ""container CPU load""
    }
}",532.436,118246,33924,answer 1: component=node-2; reason=node memory consumption; datetime=2022-03-21 20:34:19,"The only root cause occurrence time is within 1 minutes (i.e., <=1min) of 2022-03-21 20:34:19
The only predicted root cause reason is node memory consumption
",reason,2022-03-21 20:34:19,node memory consumption,0.5,telemetry/openrca/openrca_market_cb2/task_7-68,0.5,['2022-03-21 20:34:19'],['node memory consumption']
69,69,0,task_5,"Within the time range of March 21, 2022, from 21:00 to 21:30, the cloud service system, cloudbed-2, experienced a failure. The root cause component, the exact root cause occurrence time, and the underlying reason are currently unknown. You are tasked with identifying the root cause component, the root cause occurrence datetime, and the root cause reason.","{
    ""1"": {
        ""root cause occurrence datetime"": ""2022-03-21 21:00:00"",
        ""root cause component"": ""node-4"",
        ""root cause reason"": ""container network packet retransmission""
    }
}","{
    ""1"": {
        ""root cause occurrence datetime"": ""2022-03-21 21:00:00"",
        ""root cause component"": ""node-4"",
        ""root cause reason"": ""container network packet retransmission""
    }
}",656.322,113516,35648,answer 1: component=node-6; reason=node disk space consumption; datetime=2022-03-21 21:08:54,"The only root cause occurrence time is within 1 minutes (i.e., <=1min) of 2022-03-21 21:08:54
The only predicted root cause component is node-6
",reason,,"2022-03-21 21:08:54
node-6",0.0,telemetry/openrca/openrca_market_cb2/task_7-69,0.0,[],"['2022-03-21 21:08:54', 'node-6']"
70,70,0,task_1,"The cloud service system, cloudbed-2, experienced two failures within the time range of March 21, 2022, from 21:30 to 22:00. For each failure, the root cause component, the exact root cause occurrence time, and the underlying reason are currently unknown. You are tasked with identifying, for EACH failure, the root cause component, the root cause occurrence datetime, and the root cause reason.","{
    ""1"": {
        ""root cause occurrence datetime"": ""2022-03-21 21:30:00"",
        ""root cause component"": ""node-5"",
        ""root cause reason"": ""node disk read I/O consumption""
    },
    ""2"": {
        ""root cause occurrence datetime"": ""2022-03-21 21:57:00"",
        ""root cause component"": ""node-5"",
        ""root cause reason"": ""node disk write I/O consumption""
    }
}","{
    ""1"": {
        ""root cause occurrence datetime"": ""2022-03-21 21:30:00"",
        ""root cause component"": ""node-5"",
        ""root cause reason"": ""node disk read I/O consumption""
    },
    ""2"": {
        ""root cause occurrence datetime"": ""2022-03-21 21:57:00"",
        ""root cause component"": ""node-5"",
        ""root cause reason"": ""node disk write I/O consumption""
    }
}",551.734,114752,37812,"answer 1: component=frontend-2; reason=container read I/O load; datetime=2022-03-21 21:31:51
answer 2: component=node-5; reason=node memory consumption; datetime=2022-03-21 21:51:52","The 1-th root cause occurrence time is within 1 minutes (i.e., <=1min) of 2022-03-21 21:31:51
The 2-th root cause occurrence time is within 1 minutes (i.e., <=1min) of 2022-03-21 21:51:52
",reason,,"2022-03-21 21:31:51
2022-03-21 21:51:52",0.0,telemetry/openrca/openrca_market_cb2/task_7-70,0.0,[],"['2022-03-21 21:31:51', '2022-03-21 21:51:52']"
71,71,0,task_4,"The cloud service system, cloudbed-2, has experienced two failures within the time range of March 21, 2022, from 21:30 to 22:00. For each failure, the root cause component, the exact root cause occurrence time, and the underlying reason are currently unknown. You are tasked with identifying, for EACH failure, the root cause component, the root cause occurrence datetime, and the root cause reason.","{
    ""1"": {
        ""root cause occurrence datetime"": ""2022-03-21 21:30:00"",
        ""root cause component"": ""node-5"",
        ""root cause reason"": ""node disk read I/O consumption""
    },
    ""2"": {
        ""root cause occurrence datetime"": ""2022-03-21 21:37:00"",
        ""root cause component"": ""node-5"",
        ""root cause reason"": ""node disk write I/O consumption""
    }
}","{
    ""1"": {
        ""root cause occurrence datetime"": ""2022-03-21 21:30:00"",
        ""root cause component"": ""node-5"",
        ""root cause reason"": ""node disk read I/O consumption""
    },
    ""2"": {
        ""root cause occurrence datetime"": ""2022-03-21 21:37:00"",
        ""root cause component"": ""node-5"",
        ""root cause reason"": ""node disk write I/O consumption""
    }
}",624.83,117765,37548,"answer 1: component=frontend-2; reason=container read I/O load; datetime=2022-03-21 21:31:51
answer 2: component=node-5; reason=node memory consumption; datetime=2022-03-21 21:51:52","The 1-th root cause occurrence time is within 1 minutes (i.e., <=1min) of 2022-03-21 21:31:51
The 1-th predicted root cause reason is container read I/O load
The 2-th root cause occurrence time is within 1 minutes (i.e., <=1min) of 2022-03-21 21:51:52
The 2-th predicted root cause reason is node memory consumption
",reason,,"node memory consumption
2022-03-21 21:31:51
2022-03-21 21:51:52
container read I/O load",0.0,telemetry/openrca/openrca_market_cb2/task_7-71,0.0,[],"['node memory consumption', '2022-03-21 21:31:51', '2022-03-21 21:51:52', 'container read I/O load']"
72,72,0,task_4,"Within the time range of March 21, 2022, from 22:30 to 23:00, the cloud service system, cloudbed-2, experienced a failure. The root cause component, the exact root cause occurrence time, and the underlying reason are currently unknown. You are tasked with identifying the root cause component, the root cause occurrence datetime, and the root cause reason.","{
    ""1"": {
        ""root cause occurrence datetime"": ""2022-03-21 22:34:00"",
        ""root cause component"": ""frontend"",
        ""root cause reason"": ""container packet loss""
    }
}","{
    ""1"": {
        ""root cause occurrence datetime"": ""2022-03-21 22:34:00"",
        ""root cause component"": ""frontend"",
        ""root cause reason"": ""container packet loss""
    }
}",610.494,122977,35912,answer 1: component=frontend; reason=container network packet corruption; datetime=2022-03-21 22:45:06,"The only root cause occurrence time is within 1 minutes (i.e., <=1min) of 2022-03-21 22:45:06
The only predicted root cause reason is container network packet corruption
",reason,,"2022-03-21 22:45:06
container network packet corruption",0.0,telemetry/openrca/openrca_market_cb2/task_7-72,0.0,[],"['container network packet corruption', '2022-03-21 22:45:06']"
73,73,0,task_5,"The cloud service system, cloudbed-2, experienced a failure within the time range of March 21, 2022, from 23:30 to March 22, 2022, 00:00. The root cause component, the exact root cause occurrence time, and the underlying reason are currently unknown. You are tasked with identifying the root cause component, the root cause occurrence datetime, and the root cause reason.","{
    ""1"": {
        ""root cause occurrence datetime"": ""2022-03-21 23:37:00"",
        ""root cause component"": ""checkoutservice-2"",
        ""root cause reason"": ""container memory load""
    }
}","{
    ""1"": {
        ""root cause occurrence datetime"": ""2022-03-21 23:37:00"",
        ""root cause component"": ""checkoutservice-2"",
        ""root cause reason"": ""container memory load""
    }
}",741.562,115087,36995,answer 1: component=checkoutservice2-0; reason=container CPU load; datetime=2022-03-21 23:33:34,"The only root cause occurrence time is within 1 minutes (i.e., <=1min) of 2022-03-21 23:33:34
The only predicted root cause component is checkoutservice2-0
",reason,,"2022-03-21 23:33:34
checkoutservice2-0",0.0,telemetry/openrca/openrca_market_cb2/task_7-73,0.0,[],"['checkoutservice2-0', '2022-03-21 23:33:34']"
74,74,0,task_4,"The cloud service system, cloudbed-2, experienced a failure within the time range of March 21, 2022, from 07:00 to 07:30. The root cause component, the exact root cause occurrence time, and the underlying reason are currently unknown. You are tasked with identifying the root cause component, the root cause occurrence datetime, and the root cause reason.","{
    ""1"": {
        ""root cause occurrence datetime"": ""2022-03-21 07:02:00"",
        ""root cause component"": ""frontend-0"",
        ""root cause reason"": ""container network latency""
    }
}","{
    ""1"": {
        ""root cause occurrence datetime"": ""2022-03-21 07:02:00"",
        ""root cause component"": ""frontend-0"",
        ""root cause reason"": ""container network latency""
    }
}",545.205,117658,36115,answer 1: component=frontend; reason=container network latency; datetime=2022-03-21 07:26:32,"The only root cause occurrence time is within 1 minutes (i.e., <=1min) of 2022-03-21 07:26:32
The only predicted root cause reason is container network latency
",reason,container network latency,2022-03-21 07:26:32,0.5,telemetry/openrca/openrca_market_cb2/task_7-74,0.5,['container network latency'],['2022-03-21 07:26:32']
75,75,0,task_5,"The cloud service system, cloudbed-2, experienced two failures within the time range of March 21, 2022, from 01:30 to 02:00. For each failure, the root cause component, the exact root cause occurrence time, and the underlying reason are currently unknown. You are tasked with identifying, for EACH failure, the root cause component, the root cause occurrence datetime, and the root cause reason.","{
    ""1"": {
        ""root cause occurrence datetime"": ""2022-03-21 01:31:00"",
        ""root cause component"": ""node-5"",
        ""root cause reason"": ""container network packet retransmission""
    },
    ""2"": {
        ""root cause occurrence datetime"": ""2022-03-21 01:48:00"",
        ""root cause component"": ""node-1"",
        ""root cause reason"": ""container network packet retransmission""
    }
}","{
    ""1"": {
        ""root cause occurrence datetime"": ""2022-03-21 01:31:00"",
        ""root cause component"": ""node-5"",
        ""root cause reason"": ""container network packet retransmission""
    },
    ""2"": {
        ""root cause occurrence datetime"": ""2022-03-21 01:48:00"",
        ""root cause component"": ""node-1"",
        ""root cause reason"": ""container network packet retransmission""
    }
}",518.185,116261,36318,"answer 1: component=paymentservice-0; reason=container network packet retransmission; datetime=2022-03-21 01:48:05
answer 2: component=adservice-0; reason=container process termination; datetime=2022-03-21 01:34:03","The 1-th root cause occurrence time is within 1 minutes (i.e., <=1min) of 2022-03-21 01:48:05
The 1-th predicted root cause component is paymentservice-0
The 2-th root cause occurrence time is within 1 minutes (i.e., <=1min) of 2022-03-21 01:34:03
The 2-th predicted root cause component is adservice-0
",reason,2022-03-21 01:48:05,"adservice-0
2022-03-21 01:34:03
paymentservice-0",0.25,telemetry/openrca/openrca_market_cb2/task_7-75,0.25,['2022-03-21 01:48:05'],"['adservice-0', '2022-03-21 01:34:03', 'paymentservice-0']"
76,76,0,task_5,"The cloud service system, cloudbed-2, experienced a failure within the time range of March 21, 2022, from 15:00 to 15:30. The root cause component, the exact root cause occurrence time, and the underlying reason are currently unknown. You are tasked with identifying the root cause component, the root cause occurrence datetime, and the root cause reason.","{
    ""1"": {
        ""root cause occurrence datetime"": ""2022-03-21 15:02:00"",
        ""root cause component"": ""frontend-0"",
        ""root cause reason"": ""container memory load""
    }
}","{
    ""1"": {
        ""root cause occurrence datetime"": ""2022-03-21 15:02:00"",
        ""root cause component"": ""frontend-0"",
        ""root cause reason"": ""container memory load""
    }
}",595.877,119364,39558,answer 1: component=paymentservice; reason=container process termination; datetime=2022-03-21 15:19:45,"The only root cause occurrence time is within 1 minutes (i.e., <=1min) of 2022-03-21 15:19:45
The only predicted root cause component is paymentservice
",reason,,"paymentservice
2022-03-21 15:19:45",0.0,telemetry/openrca/openrca_market_cb2/task_7-76,0.0,[],"['2022-03-21 15:19:45', 'paymentservice']"
77,77,0,task_7,"The cloud service system, cloudbed-2, experienced a failure during the time range of March 21, 2022, from 03:30 to 04:00. The root cause component, the exact root cause occurrence time, and the underlying reason are currently unknown. You are tasked with identifying the root cause component, the root cause occurrence datetime, and the root cause reason.","{
    ""1"": {
        ""root cause occurrence datetime"": ""2022-03-21 03:30:00"",
        ""root cause component"": ""node-5"",
        ""root cause reason"": ""container network packet corruption""
    }
}","{
    ""1"": {
        ""root cause occurrence datetime"": ""2022-03-21 03:30:00"",
        ""root cause component"": ""node-5"",
        ""root cause reason"": ""container network packet corruption""
    }
}",532.456,112473,35602,answer 1: component=recommendationservice-1; reason=container process termination; datetime=2022-03-21 03:53:45,"The only root cause occurrence time is within 1 minutes (i.e., <=1min) of 2022-03-21 03:53:45
The only predicted root cause component is recommendationservice-1
The only predicted root cause reason is container process termination
",reason,,"recommendationservice-1
2022-03-21 03:53:45
container process termination",0.0,telemetry/openrca/openrca_market_cb2/task_7-77,0.0,[],"['recommendationservice-1', 'container process termination', '2022-03-21 03:53:45']"
